,,,,,,"B-16 MARGINAL WORKERS AND NON WORKERS SEEKING/ AVAILABLE FOR WORK CLASSIFIED BY EDUCATIONAL LEVEL, AGE AND SEX - 2011",,,,,,,,,,,,,,,,,,,,,,,,
Table,State,District,Area,Total/,Marginal,Educational ,Total,,,Age-Group,,,,,,,,,,,,,,,,,,,,
Name,Code,Code,Name,Rural/,and,level,,,,5-14,,,15-19,,,20-24,,,25-29,,,30-34,,,35+,,,Age not stated,,
,,,,Urban,Non-workers,,,,,,,,,,,,,,,,,,,,,,,,,
,,,,,,,Persons,Males,Females,Persons,Males,Females,Persons,Males,Females,Persons,Males,Females,Persons,Males,Females,Persons,Males,Females,Persons,Males,Females,Persons,Males,Females
,,,,,,1.0,2.0,3.0,4.0,5.0,6.0,7.0,8.0,9.0,10.0,11.0,12.0,13.0,14.0,15.0,16.0,17.0,18.0,19.0,20.0,21.0,22.0,23.0,24.0,25.0
,,,,,,,,,,,,,,,,,,,,,,,,,,,,,,
B0616,11,000,State - SIKKIM,Total,Marginal workers seeking / available for work,Total,18385.0,9112.0,9273.0,630.0,356.0,274.0,2496.0,1388.0,1108.0,4462.0,2224.0,2238.0,3736.0,1782.0,1954.0,2272.0,1112.0,1160.0,4758.0,2238.0,2520.0,31.0,12.0,19.0
B0616,11,000,State - SIKKIM,Total,Marginal workers seeking / available for work,Illiterate,3270.0,1197.0,2073.0,65.0,36.0,29.0,156.0,85.0,71.0,288.0,122.0,166.0,371.0,147.0,224.0,336.0,119.0,217.0,2051.0,687.0,1364.0,3.0,1.0,2.0
B0616,11,000,State - SIKKIM,Total,Marginal workers seeking / available for work,Literate,15115.0,7915.0,7200.0,565.0,320.0,245.0,2340.0,1303.0,1037.0,4174.0,2102.0,2072.0,3365.0,1635.0,1730.0,1936.0,993.0,943.0,2707.0,1551.0,1156.0,28.0,11.0,17.0
B0616,11,000,State - SIKKIM,Total,Marginal workers seeking / available for work,Literate but below matric/secondary,9786.0,5091.0,4695.0,479.0,241.0,238.0,1721.0,970.0,751.0,2406.0,1238.0,1168.0,1847.0,832.0,1015.0,1269.0,633.0,636.0,2044.0,1168.0,876.0,20.0,9.0,11.0
B0616,11,000,State - SIKKIM,Total,Marginal workers seeking / available for work,Matric/secondary but below graduate,3151.0,1602.0,1549.0,0.0,0.0,0.0,509.0,249.0,260.0,1180.0,572.0,608.0,712.0,365.0,347.0,381.0,197.0,184.0,363.0,218.0,145.0,6.0,1.0,5.0
B0616,11,000,State - SIKKIM,Total,Marginal workers seeking / available for work,Technical diploma or certificate not equal to degree,50.0,26.0,24.0,0.0,0.0,0.0,7.0,4.0,3.0,24.0,12.0,12.0,8.0,4.0,4.0,6.0,2.0,4.0,5.0,4.0,1.0,0.0,0.0,0.0
B0616,11,000,State - SIKKIM,Total,Marginal workers seeking / available for work,Graduate and above other than technical degree,1197.0,657.0,540.0,0.0,0.0,0.0,0.0,0.0,0.0,351.0,165.0,186.0,595.0,330.0,265.0,167.0,107.0,60.0,84.0,55.0,29.0,0.0,0.0,0.0
B0616,11,000,State - SIKKIM,Total,Marginal workers seeking / available for work,Technical degree or diploma equal to degree or post-graduate degree,71.0,45.0,26.0,0.0,0.0,0.0,0.0,0.0,0.0,28.0,18.0,10.0,34.0,21.0,13.0,6.0,3.0,3.0,3.0,3.0,0.0,0.0,0.0,0.0
B0616,11,000,State - SIKKIM,Total,Non-workers seeking / available for work,Total,27214.0,10641.0,16573.0,2056.0,1019.0,1037.0,6188.0,2944.0,3244.0,8526.0,3571.0,4955.0,5342.0,1801.0,3541.0,2213.0,583.0,1630.0,2848.0,711.0,2137.0,41.0,12.0,29.0
B0616,11,000,State - SIKKIM,Total,Non-workers seeking / available for work,Illiterate,2072.0,445.0,1627.0,278.0,116.0,162.0,156.0,59.0,97.0,239.0,58.0,181.0,285.0,39.0,246.0,212.0,38.0,174.0,899.0,134.0,765.0,3.0,1.0,2.0
B0616,11,000,State - SIKKIM,Total,Non-workers seeking / available for work,Literate,25142.0,10196.0,14946.0,1778.0,903.0,875.0,6032.0,2885.0,3147.0,8287.0,3513.0,4774.0,5057.0,1762.0,3295.0,2001.0,545.0,1456.0,1949.0,577.0,1372.0,38.0,11.0,27.0
B0616,11,000,State - SIKKIM,Total,Non-workers seeking / available for work,Literate but below matric/secondary,11675.0,4516.0,7159.0,1753.0,889.0,864.0,3619.0,1710.0,1909.0,2666.0,986.0,1680.0,1630.0,406.0,1224.0,873.0,192.0,681.0,1119.0,328.0,791.0,15.0,5.0,10.0
B0616,11,000,State - SIKKIM,Total,Non-workers seeking / available for work,Matric/secondary but below graduate,8346.0,3507.0,4839.0,0.0,0.0,0.0,2277.0,1097.0,1180.0,3579.0,1579.0,2000.0,1390.0,509.0,881.0,587.0,177.0,410.0,502.0,141.0,361.0,11.0,4.0,7.0
B0616,11,000,State - SIKKIM,Total,Non-workers seeking / available for work,Technical diploma or certificate not equal to degree,145.0,85.0,60.0,0.0,0.0,0.0,32.0,19.0,13.0,85.0,52.0,33.0,21.0,9.0,12.0,2.0,1.0,1.0,5.0,4.0,1.0,0.0,0.0,0.0
B0616,11,000,State - SIKKIM,Total,Non-workers seeking / available for work,Graduate and above other than technical degree,3768.0,1539.0,2229.0,0.0,0.0,0.0,0.0,0.0,0.0,1512.0,644.0,868.0,1649.0,696.0,953.0,411.0,136.0,275.0,188.0,62.0,126.0,8.0,1.0,7.0
B0616,11,000,State - SIKKIM,Total,Non-workers seeking / available for work,Technical degree or diploma equal to degree or post-graduate degree,397.0,233.0,164.0,0.0,0.0,0.0,0.0,0.0,0.0,225.0,152.0,73.0,127.0,62.0,65.0,33.0,13.0,20.0,12.0,6.0,6.0,0.0,0.0,0.0
B0616,11,000,State - SIKKIM,Rural,Marginal workers seeking / available for work,Total,16391.0,7933.0,8458.0,550.0,312.0,238.0,2280.0,1274.0,1006.0,3990.0,1951.0,2039.0,3258.0,1503.0,1755.0,1998.0,945.0,1053.0,4289.0,1940.0,2349.0,26.0,8.0,18.0
B0616,11,000,State - SIKKIM,Rural,Marginal workers seeking / available for work,Illiterate,3030.0,1075.0,1955.0,53.0,31.0,22.0,141.0,81.0,60.0,268.0,115.0,153.0,336.0,129.0,207.0,316.0,108.0,208.0,1913.0,610.0,1303.0,3.0,1.0,2.0
B0616,11,000,State - SIKKIM,Rural,Marginal workers seeking / available for work,Literate,13361.0,6858.0,6503.0,497.0,281.0,216.0,2139.0,1193.0,946.0,3722.0,1836.0,1886.0,2922.0,1374.0,1548.0,1682.0,837.0,845.0,2376.0,1330.0,1046.0,23.0,7.0,16.0
B0616,11,000,State - SIKKIM,Rural,Marginal workers seeking / available for work,Literate but below matric/secondary,8934.0,4539.0,4395.0,415.0,203.0,212.0,1603.0,901.0,702.0,2233.0,1122.0,1111.0,1670.0,720.0,950.0,1151.0,551.0,600.0,1846.0,1037.0,809.0,16.0,5.0,11.0
B0616,11,000,State - SIKKIM,Rural,Marginal workers seeking / available for work,Matric/secondary but below graduate,2664.0,1328.0,1336.0,0.0,0.0,0.0,431.0,210.0,221.0,1037.0,494.0,543.0,615.0,308.0,307.0,294.0,153.0,141.0,281.0,162.0,119.0,6.0,1.0,5.0
B0616,11,000,State - SIKKIM,Rural,Marginal workers seeking / available for work,Technical diploma or certificate not equal to degree,34.0,14.0,20.0,0.0,0.0,0.0,6.0,4.0,2.0,18.0,7.0,11.0,4.0,2.0,2.0,5.0,1.0,4.0,1.0,0.0,1.0,0.0,0.0,0.0
B0616,11,000,State - SIKKIM,Rural,Marginal workers seeking / available for work,Graduate and above other than technical degree,915.0,511.0,404.0,0.0,0.0,0.0,0.0,0.0,0.0,259.0,124.0,135.0,470.0,264.0,206.0,131.0,84.0,47.0,55.0,39.0,16.0,0.0,0.0,0.0
B0616,11,000,State - SIKKIM,Rural,Marginal workers seeking / available for work,Technical degree or diploma equal to degree or post-graduate degree,39.0,23.0,16.0,0.0,0.0,0.0,0.0,0.0,0.0,14.0,7.0,7.0,19.0,11.0,8.0,3.0,2.0,1.0,3.0,3.0,0.0,0.0,0.0,0.0
B0616,11,000,State - SIKKIM,Rural,Non-workers seeking / available for work,Total,17120.0,6826.0,10294.0,1484.0,747.0,737.0,4308.0,2048.0,2260.0,5362.0,2212.0,3150.0,2965.0,1000.0,1965.0,1220.0,341.0,879.0,1751.0,468.0,1283.0,30.0,10.0,20.0
B0616,11,000,State - SIKKIM,Rural,Non-workers seeking / available for work,Illiterate,1422.0,333.0,1089.0,178.0,71.0,107.0,99.0,44.0,55.0,149.0,39.0,110.0,169.0,30.0,139.0,140.0,31.0,109.0,684.0,117.0,567.0,3.0,1.0,2.0
B0616,11,000,State - SIKKIM,Rural,Non-workers seeking / available for work,Literate,15698.0,6493.0,9205.0,1306.0,676.0,630.0,4209.0,2004.0,2205.0,5213.0,2173.0,3040.0,2796.0,970.0,1826.0,1080.0,310.0,770.0,1067.0,351.0,716.0,27.0,9.0,18.0
B0616,11,000,State - SIKKIM,Rural,Non-workers seeking / available for work,Literate but below matric/secondary,7944.0,3154.0,4790.0,1283.0,663.0,620.0,2657.0,1233.0,1424.0,1786.0,647.0,1139.0,1006.0,257.0,749.0,511.0,120.0,391.0,688.0,229.0,459.0,13.0,5.0,8.0
B0616,11,000,State - SIKKIM,Rural,Non-workers seeking / available for work,Matric/secondary but below graduate,5034.0,2154.0,2880.0,0.0,0.0,0.0,1454.0,710.0,744.0,2283.0,998.0,1285.0,775.0,276.0,499.0,297.0,96.0,201.0,220.0,72.0,148.0,5.0,2.0,3.0
B0616,11,000,State - SIKKIM,Rural,Non-workers seeking / available for work,Technical diploma or certificate not equal to degree,81.0,44.0,37.0,0.0,0.0,0.0,22.0,13.0,9.0,49.0,27.0,22.0,6.0,2.0,4.0,1.0,0.0,1.0,3.0,2.0,1.0,0.0,0.0,0.0
B0616,11,000,State - SIKKIM,Rural,Non-workers seeking / available for work,Graduate and above other than technical degree,1963.0,823.0,1140.0,0.0,0.0,0.0,0.0,0.0,0.0,848.0,362.0,486.0,829.0,357.0,472.0,207.0,78.0,129.0,74.0,25.0,49.0,5.0,1.0,4.0
B0616,11,000,State - SIKKIM,Rural,Non-workers seeking / available for work,Technical degree or diploma equal to degree or post-graduate degree,181.0,101.0,80.0,0.0,0.0,0.0,0.0,0.0,0.0,108.0,67.0,41.0,55.0,29.0,26.0,13.0,4.0,9.0,5.0,1.0,4.0,0.0,0.0,0.0
B0616,11,000,State - SIKKIM,Urban,Marginal workers seeking / available for work,Total,1994.0,1179.0,815.0,80.0,44.0,36.0,216.0,114.0,102.0,472.0,273.0,199.0,478.0,279.0,199.0,274.0,167.0,107.0,469.0,298.0,171.0,5.0,4.0,1.0
B0616,11,000,State - SIKKIM,Urban,Marginal workers seeking / available for work,Illiterate,240.0,122.0,118.0,12.0,5.0,7.0,15.0,4.0,11.0,20.0,7.0,13.0,35.0,18.0,17.0,20.0,11.0,9.0,138.0,77.0,61.0,0.0,0.0,0.0
B0616,11,000,State - SIKKIM,Urban,Marginal workers seeking / available for work,Literate,1754.0,1057.0,697.0,68.0,39.0,29.0,201.0,110.0,91.0,452.0,266.0,186.0,443.0,261.0,182.0,254.0,156.0,98.0,331.0,221.0,110.0,5.0,4.0,1.0
B0616,11,000,State - SIKKIM,Urban,Marginal workers seeking / available for work,Literate but below matric/secondary,852.0,552.0,300.0,64.0,38.0,26.0,118.0,69.0,49.0,173.0,116.0,57.0,177.0,112.0,65.0,118.0,82.0,36.0,198.0,131.0,67.0,4.0,4.0,0.0
B0616,11,000,State - SIKKIM,Urban,Marginal workers seeking / available for work,Matric/secondary but below graduate,487.0,274.0,213.0,0.0,0.0,0.0,78.0,39.0,39.0,143.0,78.0,65.0,97.0,57.0,40.0,87.0,44.0,43.0,82.0,56.0,26.0,0.0,0.0,0.0
B0616,11,000,State - SIKKIM,Urban,Marginal workers seeking / available for work,Technical diploma or certificate not equal to degree,16.0,12.0,4.0,0.0,0.0,0.0,1.0,0.0,1.0,6.0,5.0,1.0,4.0,2.0,2.0,1.0,1.0,0.0,4.0,4.0,0.0,0.0,0.0,0.0
B0616,11,000,State - SIKKIM,Urban,Marginal workers seeking / available for work,Graduate and above other than technical degree,282.0,146.0,136.0,0.0,0.0,0.0,0.0,0.0,0.0,92.0,41.0,51.0,125.0,66.0,59.0,36.0,23.0,13.0,29.0,16.0,13.0,0.0,0.0,0.0
B0616,11,000,State - SIKKIM,Urban,Marginal workers seeking / available for work,Technical degree or diploma equal to degree or post-graduate degree,32.0,22.0,10.0,0.0,0.0,0.0,0.0,0.0,0.0,14.0,11.0,3.0,15.0,10.0,5.0,3.0,1.0,2.0,0.0,0.0,0.0,0.0,0.0,0.0
B0616,11,000,State - SIKKIM,Urban,Non-workers seeking / available for work,Total,10094.0,3815.0,6279.0,572.0,272.0,300.0,1880.0,896.0,984.0,3164.0,1359.0,1805.0,2377.0,801.0,1576.0,993.0,242.0,751.0,1097.0,243.0,854.0,11.0,2.0,9.0
B0616,11,000,State - SIKKIM,Urban,Non-workers seeking / available for work,Illiterate,650.0,112.0,538.0,100.0,45.0,55.0,57.0,15.0,42.0,90.0,19.0,71.0,116.0,9.0,107.0,72.0,7.0,65.0,215.0,17.0,198.0,0.0,0.0,0.0
B0616,11,000,State - SIKKIM,Urban,Non-workers seeking / available for work,Literate,9444.0,3703.0,5741.0,472.0,227.0,245.0,1823.0,881.0,942.0,3074.0,1340.0,1734.0,2261.0,792.0,1469.0,921.0,235.0,686.0,882.0,226.0,656.0,11.0,2.0,9.0
B0616,11,000,State - SIKKIM,Urban,Non-workers seeking / available for work,Literate but below matric/secondary,3731.0,1362.0,2369.0,470.0,226.0,244.0,962.0,477.0,485.0,880.0,339.0,541.0,624.0,149.0,475.0,362.0,72.0,290.0,431.0,99.0,332.0,2.0,0.0,2.0
B0616,11,000,State - SIKKIM,Urban,Non-workers seeking / available for work,Matric/secondary but below graduate,3312.0,1353.0,1959.0,0.0,0.0,0.0,823.0,387.0,436.0,1296.0,581.0,715.0,615.0,233.0,382.0,290.0,81.0,209.0,282.0,69.0,213.0,6.0,2.0,4.0
B0616,11,000,State - SIKKIM,Urban,Non-workers seeking / available for work,Technical diploma or certificate not equal to degree,64.0,41.0,23.0,0.0,0.0,0.0,10.0,6.0,4.0,36.0,25.0,11.0,15.0,7.0,8.0,1.0,1.0,0.0,2.0,2.0,0.0,0.0,0.0,0.0
B0616,11,000,State - SIKKIM,Urban,Non-workers seeking / available for work,Graduate and above other than technical degree,1805.0,716.0,1089.0,0.0,0.0,0.0,0.0,0.0,0.0,664.0,282.0,382.0,820.0,339.0,481.0,204.0,58.0,146.0,114.0,37.0,77.0,3.0,0.0,3.0
B0616,11,000,State - SIKKIM,Urban,Non-workers seeking / available for work,Technical degree or diploma equal to degree or post-graduate degree,216.0,132.0,84.0,0.0,0.0,0.0,0.0,0.0,0.0,117.0,85.0,32.0,72.0,33.0,39.0,20.0,9.0,11.0,7.0,5.0,2.0,0.0,0.0,0.0
B0616,11,241,District - North  District,Total,Marginal workers seeking / available for work,Total,1600.0,920.0,680.0,31.0,17.0,14.0,181.0,108.0,73.0,322.0,191.0,131.0,289.0,159.0,130.0,178.0,106.0,72.0,596.0,337.0,259.0,3.0,2.0,1.0
B0616,11,241,District - North  District,Total,Marginal workers seeking / available for work,Illiterate,421.0,201.0,220.0,5.0,5.0,0.0,22.0,15.0,7.0,32.0,15.0,17.0,42.0,24.0,18.0,36.0,20.0,16.0,284.0,122.0,162.0,0.0,0.0,0.0
B0616,11,241,District - North  District,Total,Marginal workers seeking / available for work,Literate,1179.0,719.0,460.0,26.0,12.0,14.0,159.0,93.0,66.0,290.0,176.0,114.0,247.0,135.0,112.0,142.0,86.0,56.0,312.0,215.0,97.0,3.0,2.0,1.0
B0616,11,241,District - North  District,Total,Marginal workers seeking / available for work,Literate but below matric/secondary,759.0,476.0,283.0,26.0,12.0,14.0,108.0,67.0,41.0,145.0,101.0,44.0,133.0,70.0,63.0,103.0,60.0,43.0,243.0,165.0,78.0,1.0,1.0,0.0
B0616,11,241,District - North  District,Total,Marginal workers seeking / available for work,Matric/secondary but below graduate,247.0,134.0,113.0,0.0,0.0,0.0,43.0,20.0,23.0,89.0,47.0,42.0,60.0,35.0,25.0,22.0,13.0,9.0,31.0,18.0,13.0,2.0,1.0,1.0
B0616,11,241,District - North  District,Total,Marginal workers seeking / available for work,Technical diploma or certificate not equal to degree,12.0,1.0,11.0,0.0,0.0,0.0,0.0,0.0,0.0,6.0,1.0,5.0,2.0,0.0,2.0,3.0,0.0,3.0,1.0,0.0,1.0,0.0,0.0,0.0
B0616,11,241,District - North  District,Total,Marginal workers seeking / available for work,Graduate and above other than technical degree,91.0,54.0,37.0,0.0,0.0,0.0,0.0,0.0,0.0,37.0,21.0,16.0,42.0,22.0,20.0,8.0,7.0,1.0,4.0,4.0,0.0,0.0,0.0,0.0
B0616,11,241,District - North  District,Total,Marginal workers seeking / available for work,Technical degree or diploma equal to degree or post-graduate degree,2.0,1.0,1.0,0.0,0.0,0.0,0.0,0.0,0.0,0.0,0.0,0.0,2.0,1.0,1.0,0.0,0.0,0.0,0.0,0.0,0.0,0.0,0.0,0.0
B0616,11,241,District - North  District,Total,Non-workers seeking / available for work,Total,1442.0,581.0,861.0,124.0,62.0,62.0,373.0,185.0,188.0,446.0,191.0,255.0,256.0,86.0,170.0,89.0,22.0,67.0,154.0,35.0,119.0,0.0,0.0,0.0
B0616,11,241,District - North  District,Total,Non-workers seeking / available for work,Illiterate,143.0,32.0,111.0,17.0,8.0,9.0,10.0,2.0,8.0,16.0,8.0,8.0,22.0,4.0,18.0,14.0,2.0,12.0,64.0,8.0,56.0,0.0,0.0,0.0
B0616,11,241,District - North  District,Total,Non-workers seeking / available for work,Literate,1299.0,549.0,750.0,107.0,54.0,53.0,363.0,183.0,180.0,430.0,183.0,247.0,234.0,82.0,152.0,75.0,20.0,55.0,90.0,27.0,63.0,0.0,0.0,0.0
B0616,11,241,District - North  District,Total,Non-workers seeking / available for work,Literate but below matric/secondary,684.0,311.0,373.0,102.0,50.0,52.0,249.0,140.0,109.0,143.0,66.0,77.0,96.0,30.0,66.0,35.0,10.0,25.0,59.0,15.0,44.0,0.0,0.0,0.0
B0616,11,241,District - North  District,Total,Non-workers seeking / available for work,Matric/secondary but below graduate,397.0,139.0,258.0,0.0,0.0,0.0,108.0,38.0,70.0,201.0,72.0,129.0,57.0,19.0,38.0,17.0,4.0,13.0,14.0,6.0,8.0,0.0,0.0,0.0
B0616,11,241,District - North  District,Total,Non-workers seeking / available for work,Technical diploma or certificate not equal to degree,3.0,1.0,2.0,0.0,0.0,0.0,0.0,0.0,0.0,2.0,0.0,2.0,1.0,1.0,0.0,0.0,0.0,0.0,0.0,0.0,0.0,0.0,0.0,0.0
B0616,11,241,District - North  District,Total,Non-workers seeking / available for work,Graduate and above other than technical degree,158.0,64.0,94.0,0.0,0.0,0.0,0.0,0.0,0.0,65.0,31.0,34.0,67.0,25.0,42.0,20.0,6.0,14.0,6.0,2.0,4.0,0.0,0.0,0.0
B0616,11,241,District - North  District,Total,Non-workers seeking / available for work,Technical degree or diploma equal to degree or post-graduate degree,6.0,5.0,1.0,0.0,0.0,0.0,0.0,0.0,0.0,3.0,3.0,0.0,1.0,1.0,0.0,1.0,0.0,1.0,1.0,1.0,0.0,0.0,0.0,0.0
B0616,11,241,District - North  District,Rural,Marginal workers seeking / available for work,Total,1568.0,896.0,672.0,30.0,16.0,14.0,169.0,101.0,68.0,315.0,185.0,130.0,284.0,155.0,129.0,177.0,105.0,72.0,590.0,332.0,258.0,3.0,2.0,1.0
B0616,11,241,District - North  District,Rural,Marginal workers seeking / available for work,Illiterate,418.0,198.0,220.0,5.0,5.0,0.0,22.0,15.0,7.0,32.0,15.0,17.0,41.0,23.0,18.0,35.0,19.0,16.0,283.0,121.0,162.0,0.0,0.0,0.0
B0616,11,241,District - North  District,Rural,Marginal workers seeking / available for work,Literate,1150.0,698.0,452.0,25.0,11.0,14.0,147.0,86.0,61.0,283.0,170.0,113.0,243.0,132.0,111.0,142.0,86.0,56.0,307.0,211.0,96.0,3.0,2.0,1.0
B0616,11,241,District - North  District,Rural,Marginal workers seeking / available for work,Literate but below matric/secondary,745.0,465.0,280.0,25.0,11.0,14.0,101.0,62.0,39.0,144.0,100.0,44.0,130.0,68.0,62.0,103.0,60.0,43.0,241.0,163.0,78.0,1.0,1.0,0.0
B0616,11,241,District - North  District,Rural,Marginal workers seeking / available for work,Matric/secondary but below graduate,236.0,128.0,108.0,0.0,0.0,0.0,38.0,18.0,20.0,86.0,45.0,41.0,59.0,34.0,25.0,22.0,13.0,9.0,29.0,17.0,12.0,2.0,1.0,1.0
B0616,11,241,District - North  District,Rural,Marginal workers seeking / available for work,Technical diploma or certificate not equal to degree,12.0,1.0,11.0,0.0,0.0,0.0,0.0,0.0,0.0,6.0,1.0,5.0,2.0,0.0,2.0,3.0,0.0,3.0,1.0,0.0,1.0,0.0,0.0,0.0
B0616,11,241,District - North  District,Rural,Marginal workers seeking / available for work,Graduate and above other than technical degree,90.0,53.0,37.0,0.0,0.0,0.0,0.0,0.0,0.0,36.0,20.0,16.0,42.0,22.0,20.0,8.0,7.0,1.0,4.0,4.0,0.0,0.0,0.0,0.0
B0616,11,241,District - North  District,Rural,Marginal workers seeking / available for work,Technical degree or diploma equal to degree or post-graduate degree,2.0,1.0,1.0,0.0,0.0,0.0,0.0,0.0,0.0,0.0,0.0,0.0,2.0,1.0,1.0,0.0,0.0,0.0,0.0,0.0,0.0,0.0,0.0,0.0
B0616,11,241,District - North  District,Rural,Non-workers seeking / available for work,Total,1178.0,473.0,705.0,112.0,57.0,55.0,252.0,124.0,128.0,384.0,167.0,217.0,214.0,74.0,140.0,76.0,18.0,58.0,140.0,33.0,107.0,0.0,0.0,0.0
B0616,11,241,District - North  District,Rural,Non-workers seeking / available for work,Illiterate,115.0,28.0,87.0,13.0,6.0,7.0,8.0,2.0,6.0,10.0,6.0,4.0,15.0,4.0,11.0,12.0,2.0,10.0,57.0,8.0,49.0,0.0,0.0,0.0
B0616,11,241,District - North  District,Rural,Non-workers seeking / available for work,Literate,1063.0,445.0,618.0,99.0,51.0,48.0,244.0,122.0,122.0,374.0,161.0,213.0,199.0,70.0,129.0,64.0,16.0,48.0,83.0,25.0,58.0,0.0,0.0,0.0
B0616,11,241,District - North  District,Rural,Non-workers seeking / available for work,Literate but below matric/secondary,544.0,245.0,299.0,94.0,47.0,47.0,164.0,92.0,72.0,122.0,57.0,65.0,83.0,27.0,56.0,27.0,7.0,20.0,54.0,15.0,39.0,0.0,0.0,0.0
B0616,11,241,District - North  District,Rural,Non-workers seeking / available for work,Matric/secondary but below graduate,329.0,115.0,214.0,0.0,0.0,0.0,75.0,25.0,50.0,176.0,65.0,111.0,50.0,17.0,33.0,15.0,3.0,12.0,13.0,5.0,8.0,0.0,0.0,0.0
B0616,11,241,District - North  District,Rural,Non-workers seeking / available for work,Technical diploma or certificate not equal to degree,2.0,0.0,2.0,0.0,0.0,0.0,0.0,0.0,0.0,2.0,0.0,2.0,0.0,0.0,0.0,0.0,0.0,0.0,0.0,0.0,0.0,0.0,0.0,0.0
B0616,11,241,District - North  District,Rural,Non-workers seeking / available for work,Graduate and above other than technical degree,139.0,56.0,83.0,0.0,0.0,0.0,0.0,0.0,0.0,58.0,27.0,31.0,56.0,21.0,35.0,19.0,6.0,13.0,6.0,2.0,4.0,0.0,0.0,0.0
B0616,11,241,District - North  District,Rural,Non-workers seeking / available for work,Technical degree or diploma equal to degree or post-graduate degree,3.0,2.0,1.0,0.0,0.0,0.0,0.0,0.0,0.0,2.0,2.0,0.0,0.0,0.0,0.0,1.0,0.0,1.0,0.0,0.0,0.0,0.0,0.0,0.0
B0616,11,241,District - North  District,Urban,Marginal workers seeking / available for work,Total,32.0,24.0,8.0,1.0,1.0,0.0,12.0,7.0,5.0,7.0,6.0,1.0,5.0,4.0,1.0,1.0,1.0,0.0,6.0,5.0,1.0,0.0,0.0,0.0
B0616,11,241,District - North  District,Urban,Marginal workers seeking / available for work,Illiterate,3.0,3.0,0.0,0.0,0.0,0.0,0.0,0.0,0.0,0.0,0.0,0.0,1.0,1.0,0.0,1.0,1.0,0.0,1.0,1.0,0.0,0.0,0.0,0.0
B0616,11,241,District - North  District,Urban,Marginal workers seeking / available for work,Literate,29.0,21.0,8.0,1.0,1.0,0.0,12.0,7.0,5.0,7.0,6.0,1.0,4.0,3.0,1.0,0.0,0.0,0.0,5.0,4.0,1.0,0.0,0.0,0.0
B0616,11,241,District - North  District,Urban,Marginal workers seeking / available for work,Literate but below matric/secondary,14.0,11.0,3.0,1.0,1.0,0.0,7.0,5.0,2.0,1.0,1.0,0.0,3.0,2.0,1.0,0.0,0.0,0.0,2.0,2.0,0.0,0.0,0.0,0.0
B0616,11,241,District - North  District,Urban,Marginal workers seeking / available for work,Matric/secondary but below graduate,11.0,6.0,5.0,0.0,0.0,0.0,5.0,2.0,3.0,3.0,2.0,1.0,1.0,1.0,0.0,0.0,0.0,0.0,2.0,1.0,1.0,0.0,0.0,0.0
B0616,11,241,District - North  District,Urban,Marginal workers seeking / available for work,Technical diploma or certificate not equal to degree,0.0,0.0,0.0,0.0,0.0,0.0,0.0,0.0,0.0,0.0,0.0,0.0,0.0,0.0,0.0,0.0,0.0,0.0,0.0,0.0,0.0,0.0,0.0,0.0
B0616,11,241,District - North  District,Urban,Marginal workers seeking / available for work,Graduate and above other than technical degree,1.0,1.0,0.0,0.0,0.0,0.0,0.0,0.0,0.0,1.0,1.0,0.0,0.0,0.0,0.0,0.0,0.0,0.0,0.0,0.0,0.0,0.0,0.0,0.0
B0616,11,241,District - North  District,Urban,Marginal workers seeking / available for work,Technical degree or diploma equal to degree or post-graduate degree,0.0,0.0,0.0,0.0,0.0,0.0,0.0,0.0,0.0,0.0,0.0,0.0,0.0,0.0,0.0,0.0,0.0,0.0,0.0,0.0,0.0,0.0,0.0,0.0
B0616,11,241,District - North  District,Urban,Non-workers seeking / available for work,Total,264.0,108.0,156.0,12.0,5.0,7.0,121.0,61.0,60.0,62.0,24.0,38.0,42.0,12.0,30.0,13.0,4.0,9.0,14.0,2.0,12.0,0.0,0.0,0.0
B0616,11,241,District - North  District,Urban,Non-workers seeking / available for work,Illiterate,28.0,4.0,24.0,4.0,2.0,2.0,2.0,0.0,2.0,6.0,2.0,4.0,7.0,0.0,7.0,2.0,0.0,2.0,7.0,0.0,7.0,0.0,0.0,0.0
B0616,11,241,District - North  District,Urban,Non-workers seeking / available for work,Literate,236.0,104.0,132.0,8.0,3.0,5.0,119.0,61.0,58.0,56.0,22.0,34.0,35.0,12.0,23.0,11.0,4.0,7.0,7.0,2.0,5.0,0.0,0.0,0.0
B0616,11,241,District - North  District,Urban,Non-workers seeking / available for work,Literate but below matric/secondary,140.0,66.0,74.0,8.0,3.0,5.0,85.0,48.0,37.0,21.0,9.0,12.0,13.0,3.0,10.0,8.0,3.0,5.0,5.0,0.0,5.0,0.0,0.0,0.0
B0616,11,241,District - North  District,Urban,Non-workers seeking / available for work,Matric/secondary but below graduate,68.0,24.0,44.0,0.0,0.0,0.0,33.0,13.0,20.0,25.0,7.0,18.0,7.0,2.0,5.0,2.0,1.0,1.0,1.0,1.0,0.0,0.0,0.0,0.0
B0616,11,241,District - North  District,Urban,Non-workers seeking / available for work,Technical diploma or certificate not equal to degree,1.0,1.0,0.0,0.0,0.0,0.0,0.0,0.0,0.0,0.0,0.0,0.0,1.0,1.0,0.0,0.0,0.0,0.0,0.0,0.0,0.0,0.0,0.0,0.0
B0616,11,241,District - North  District,Urban,Non-workers seeking / available for work,Graduate and above other than technical degree,19.0,8.0,11.0,0.0,0.0,0.0,0.0,0.0,0.0,7.0,4.0,3.0,11.0,4.0,7.0,1.0,0.0,1.0,0.0,0.0,0.0,0.0,0.0,0.0
B0616,11,241,District - North  District,Urban,Non-workers seeking / available for work,Technical degree or diploma equal to degree or post-graduate degree,3.0,3.0,0.0,0.0,0.0,0.0,0.0,0.0,0.0,1.0,1.0,0.0,1.0,1.0,0.0,0.0,0.0,0.0,1.0,1.0,0.0,0.0,0.0,0.0
B0616,11,242,District - West District,Total,Marginal workers seeking / available for work,Total,4537.0,2148.0,2389.0,186.0,82.0,104.0,691.0,362.0,329.0,1128.0,550.0,578.0,931.0,425.0,506.0,549.0,262.0,287.0,1048.0,467.0,581.0,4.0,0.0,4.0
B0616,11,242,District - West District,Total,Marginal workers seeking / available for work,Illiterate,736.0,238.0,498.0,20.0,12.0,8.0,28.0,20.0,8.0,69.0,24.0,45.0,86.0,34.0,52.0,86.0,26.0,60.0,447.0,122.0,325.0,0.0,0.0,0.0
B0616,11,242,District - West District,Total,Marginal workers seeking / available for work,Literate,3801.0,1910.0,1891.0,166.0,70.0,96.0,663.0,342.0,321.0,1059.0,526.0,533.0,845.0,391.0,454.0,463.0,236.0,227.0,601.0,345.0,256.0,4.0,0.0,4.0
B0616,11,242,District - West District,Total,Marginal workers seeking / available for work,Literate but below matric/secondary,2567.0,1265.0,1302.0,165.0,69.0,96.0,492.0,260.0,232.0,653.0,322.0,331.0,484.0,190.0,294.0,305.0,152.0,153.0,465.0,272.0,193.0,3.0,0.0,3.0
B0616,11,242,District - West District,Total,Marginal workers seeking / available for work,Matric/secondary but below graduate,777.0,402.0,375.0,0.0,0.0,0.0,153.0,73.0,80.0,285.0,145.0,140.0,176.0,91.0,85.0,88.0,47.0,41.0,74.0,46.0,28.0,1.0,0.0,1.0
B0616,11,242,District - West District,Total,Marginal workers seeking / available for work,Technical diploma or certificate not equal to degree,7.0,3.0,4.0,0.0,0.0,0.0,3.0,1.0,2.0,3.0,1.0,2.0,1.0,1.0,0.0,0.0,0.0,0.0,0.0,0.0,0.0,0.0,0.0,0.0
B0616,11,242,District - West District,Total,Marginal workers seeking / available for work,Graduate and above other than technical degree,272.0,159.0,113.0,0.0,0.0,0.0,0.0,0.0,0.0,74.0,36.0,38.0,143.0,88.0,55.0,40.0,24.0,16.0,15.0,11.0,4.0,0.0,0.0,0.0
B0616,11,242,District - West District,Total,Marginal workers seeking / available for work,Technical degree or diploma equal to degree or post-graduate degree,15.0,9.0,6.0,0.0,0.0,0.0,0.0,0.0,0.0,6.0,2.0,4.0,5.0,3.0,2.0,2.0,2.0,0.0,2.0,2.0,0.0,0.0,0.0,0.0
B0616,11,242,District - West District,Total,Non-workers seeking / available for work,Total,5568.0,2235.0,3333.0,542.0,266.0,276.0,1501.0,680.0,821.0,1628.0,709.0,919.0,915.0,303.0,612.0,401.0,106.0,295.0,567.0,167.0,400.0,14.0,4.0,10.0
B0616,11,242,District - West District,Total,Non-workers seeking / available for work,Illiterate,503.0,112.0,391.0,69.0,26.0,43.0,36.0,11.0,25.0,49.0,11.0,38.0,69.0,8.0,61.0,53.0,12.0,41.0,224.0,43.0,181.0,3.0,1.0,2.0
B0616,11,242,District - West District,Total,Non-workers seeking / available for work,Literate,5065.0,2123.0,2942.0,473.0,240.0,233.0,1465.0,669.0,796.0,1579.0,698.0,881.0,846.0,295.0,551.0,348.0,94.0,254.0,343.0,124.0,219.0,11.0,3.0,8.0
B0616,11,242,District - West District,Total,Non-workers seeking / available for work,Literate but below matric/secondary,2728.0,1059.0,1669.0,471.0,239.0,232.0,970.0,421.0,549.0,553.0,206.0,347.0,317.0,69.0,248.0,186.0,37.0,149.0,226.0,86.0,140.0,5.0,1.0,4.0
B0616,11,242,District - West District,Total,Non-workers seeking / available for work,Matric/secondary but below graduate,1525.0,679.0,846.0,0.0,0.0,0.0,470.0,234.0,236.0,669.0,311.0,358.0,222.0,85.0,137.0,80.0,25.0,55.0,83.0,23.0,60.0,1.0,1.0,0.0
B0616,11,242,District - West District,Total,Non-workers seeking / available for work,Technical diploma or certificate not equal to degree,29.0,17.0,12.0,0.0,0.0,0.0,9.0,5.0,4.0,15.0,9.0,6.0,3.0,1.0,2.0,0.0,0.0,0.0,2.0,2.0,0.0,0.0,0.0,0.0
B0616,11,242,District - West District,Total,Non-workers seeking / available for work,Graduate and above other than technical degree,607.0,277.0,330.0,0.0,0.0,0.0,0.0,0.0,0.0,275.0,127.0,148.0,251.0,119.0,132.0,65.0,25.0,40.0,14.0,6.0,8.0,2.0,0.0,2.0
B0616,11,242,District - West District,Total,Non-workers seeking / available for work,Technical degree or diploma equal to degree or post-graduate degree,63.0,42.0,21.0,0.0,0.0,0.0,0.0,0.0,0.0,38.0,27.0,11.0,20.0,12.0,8.0,5.0,3.0,2.0,0.0,0.0,0.0,0.0,0.0,0.0
B0616,11,242,District - West District,Rural,Marginal workers seeking / available for work,Total,4520.0,2136.0,2384.0,186.0,82.0,104.0,690.0,361.0,329.0,1119.0,543.0,576.0,926.0,423.0,503.0,548.0,261.0,287.0,1047.0,466.0,581.0,4.0,0.0,4.0
B0616,11,242,District - West District,Rural,Marginal workers seeking / available for work,Illiterate,734.0,237.0,497.0,20.0,12.0,8.0,28.0,20.0,8.0,68.0,24.0,44.0,86.0,34.0,52.0,86.0,26.0,60.0,446.0,121.0,325.0,0.0,0.0,0.0
B0616,11,242,District - West District,Rural,Marginal workers seeking / available for work,Literate,3786.0,1899.0,1887.0,166.0,70.0,96.0,662.0,341.0,321.0,1051.0,519.0,532.0,840.0,389.0,451.0,462.0,235.0,227.0,601.0,345.0,256.0,4.0,0.0,4.0
B0616,11,242,District - West District,Rural,Marginal workers seeking / available for work,Literate but below matric/secondary,2555.0,1256.0,1299.0,165.0,69.0,96.0,491.0,259.0,232.0,646.0,315.0,331.0,480.0,189.0,291.0,305.0,152.0,153.0,465.0,272.0,193.0,3.0,0.0,3.0
B0616,11,242,District - West District,Rural,Marginal workers seeking / available for work,Matric/secondary but below graduate,775.0,401.0,374.0,0.0,0.0,0.0,153.0,73.0,80.0,284.0,145.0,139.0,176.0,91.0,85.0,87.0,46.0,41.0,74.0,46.0,28.0,1.0,0.0,1.0
B0616,11,242,District - West District,Rural,Marginal workers seeking / available for work,Technical diploma or certificate not equal to degree,7.0,3.0,4.0,0.0,0.0,0.0,3.0,1.0,2.0,3.0,1.0,2.0,1.0,1.0,0.0,0.0,0.0,0.0,0.0,0.0,0.0,0.0,0.0,0.0
B0616,11,242,District - West District,Rural,Marginal workers seeking / available for work,Graduate and above other than technical degree,271.0,158.0,113.0,0.0,0.0,0.0,0.0,0.0,0.0,74.0,36.0,38.0,142.0,87.0,55.0,40.0,24.0,16.0,15.0,11.0,4.0,0.0,0.0,0.0
B0616,11,242,District - West District,Rural,Marginal workers seeking / available for work,Technical degree or diploma equal to degree or post-graduate degree,15.0,9.0,6.0,0.0,0.0,0.0,0.0,0.0,0.0,6.0,2.0,4.0,5.0,3.0,2.0,2.0,2.0,0.0,2.0,2.0,0.0,0.0,0.0,0.0
B0616,11,242,District - West District,Rural,Non-workers seeking / available for work,Total,5212.0,2083.0,3129.0,515.0,254.0,261.0,1439.0,649.0,790.0,1503.0,651.0,852.0,825.0,269.0,556.0,373.0,96.0,277.0,545.0,161.0,384.0,12.0,3.0,9.0
B0616,11,242,District - West District,Rural,Non-workers seeking / available for work,Illiterate,474.0,108.0,366.0,65.0,25.0,40.0,32.0,11.0,21.0,45.0,10.0,35.0,59.0,7.0,52.0,50.0,12.0,38.0,220.0,42.0,178.0,3.0,1.0,2.0
B0616,11,242,District - West District,Rural,Non-workers seeking / available for work,Literate,4738.0,1975.0,2763.0,450.0,229.0,221.0,1407.0,638.0,769.0,1458.0,641.0,817.0,766.0,262.0,504.0,323.0,84.0,239.0,325.0,119.0,206.0,9.0,2.0,7.0
B0616,11,242,District - West District,Rural,Non-workers seeking / available for work,Literate but below matric/secondary,2555.0,987.0,1568.0,448.0,228.0,220.0,931.0,399.0,532.0,508.0,186.0,322.0,282.0,60.0,222.0,167.0,31.0,136.0,214.0,82.0,132.0,5.0,1.0,4.0
B0616,11,242,District - West District,Rural,Non-workers seeking / available for work,Matric/secondary but below graduate,1434.0,636.0,798.0,0.0,0.0,0.0,451.0,225.0,226.0,623.0,288.0,335.0,206.0,77.0,129.0,76.0,23.0,53.0,78.0,23.0,55.0,0.0,0.0,0.0
B0616,11,242,District - West District,Rural,Non-workers seeking / available for work,Technical diploma or certificate not equal to degree,29.0,17.0,12.0,0.0,0.0,0.0,9.0,5.0,4.0,15.0,9.0,6.0,3.0,1.0,2.0,0.0,0.0,0.0,2.0,2.0,0.0,0.0,0.0,0.0
B0616,11,242,District - West District,Rural,Non-workers seeking / available for work,Graduate and above other than technical degree,555.0,253.0,302.0,0.0,0.0,0.0,0.0,0.0,0.0,250.0,118.0,132.0,227.0,106.0,121.0,64.0,24.0,40.0,13.0,5.0,8.0,1.0,0.0,1.0
B0616,11,242,District - West District,Rural,Non-workers seeking / available for work,Technical degree or diploma equal to degree or post-graduate degree,57.0,36.0,21.0,0.0,0.0,0.0,0.0,0.0,0.0,33.0,22.0,11.0,19.0,11.0,8.0,5.0,3.0,2.0,0.0,0.0,0.0,0.0,0.0,0.0
B0616,11,242,District - West District,Urban,Marginal workers seeking / available for work,Total,17.0,12.0,5.0,0.0,0.0,0.0,1.0,1.0,0.0,9.0,7.0,2.0,5.0,2.0,3.0,1.0,1.0,0.0,1.0,1.0,0.0,0.0,0.0,0.0
B0616,11,242,District - West District,Urban,Marginal workers seeking / available for work,Illiterate,2.0,1.0,1.0,0.0,0.0,0.0,0.0,0.0,0.0,1.0,0.0,1.0,0.0,0.0,0.0,0.0,0.0,0.0,1.0,1.0,0.0,0.0,0.0,0.0
B0616,11,242,District - West District,Urban,Marginal workers seeking / available for work,Literate,15.0,11.0,4.0,0.0,0.0,0.0,1.0,1.0,0.0,8.0,7.0,1.0,5.0,2.0,3.0,1.0,1.0,0.0,0.0,0.0,0.0,0.0,0.0,0.0
B0616,11,242,District - West District,Urban,Marginal workers seeking / available for work,Literate but below matric/secondary,12.0,9.0,3.0,0.0,0.0,0.0,1.0,1.0,0.0,7.0,7.0,0.0,4.0,1.0,3.0,0.0,0.0,0.0,0.0,0.0,0.0,0.0,0.0,0.0
B0616,11,242,District - West District,Urban,Marginal workers seeking / available for work,Matric/secondary but below graduate,2.0,1.0,1.0,0.0,0.0,0.0,0.0,0.0,0.0,1.0,0.0,1.0,0.0,0.0,0.0,1.0,1.0,0.0,0.0,0.0,0.0,0.0,0.0,0.0
B0616,11,242,District - West District,Urban,Marginal workers seeking / available for work,Technical diploma or certificate not equal to degree,0.0,0.0,0.0,0.0,0.0,0.0,0.0,0.0,0.0,0.0,0.0,0.0,0.0,0.0,0.0,0.0,0.0,0.0,0.0,0.0,0.0,0.0,0.0,0.0
B0616,11,242,District - West District,Urban,Marginal workers seeking / available for work,Graduate and above other than technical degree,1.0,1.0,0.0,0.0,0.0,0.0,0.0,0.0,0.0,0.0,0.0,0.0,1.0,1.0,0.0,0.0,0.0,0.0,0.0,0.0,0.0,0.0,0.0,0.0
B0616,11,242,District - West District,Urban,Marginal workers seeking / available for work,Technical degree or diploma equal to degree or post-graduate degree,0.0,0.0,0.0,0.0,0.0,0.0,0.0,0.0,0.0,0.0,0.0,0.0,0.0,0.0,0.0,0.0,0.0,0.0,0.0,0.0,0.0,0.0,0.0,0.0
B0616,11,242,District - West District,Urban,Non-workers seeking / available for work,Total,356.0,152.0,204.0,27.0,12.0,15.0,62.0,31.0,31.0,125.0,58.0,67.0,90.0,34.0,56.0,28.0,10.0,18.0,22.0,6.0,16.0,2.0,1.0,1.0
B0616,11,242,District - West District,Urban,Non-workers seeking / available for work,Illiterate,29.0,4.0,25.0,4.0,1.0,3.0,4.0,0.0,4.0,4.0,1.0,3.0,10.0,1.0,9.0,3.0,0.0,3.0,4.0,1.0,3.0,0.0,0.0,0.0
B0616,11,242,District - West District,Urban,Non-workers seeking / available for work,Literate,327.0,148.0,179.0,23.0,11.0,12.0,58.0,31.0,27.0,121.0,57.0,64.0,80.0,33.0,47.0,25.0,10.0,15.0,18.0,5.0,13.0,2.0,1.0,1.0
B0616,11,242,District - West District,Urban,Non-workers seeking / available for work,Literate but below matric/secondary,173.0,72.0,101.0,23.0,11.0,12.0,39.0,22.0,17.0,45.0,20.0,25.0,35.0,9.0,26.0,19.0,6.0,13.0,12.0,4.0,8.0,0.0,0.0,0.0
B0616,11,242,District - West District,Urban,Non-workers seeking / available for work,Matric/secondary but below graduate,91.0,43.0,48.0,0.0,0.0,0.0,19.0,9.0,10.0,46.0,23.0,23.0,16.0,8.0,8.0,4.0,2.0,2.0,5.0,0.0,5.0,1.0,1.0,0.0
B0616,11,242,District - West District,Urban,Non-workers seeking / available for work,Technical diploma or certificate not equal to degree,0.0,0.0,0.0,0.0,0.0,0.0,0.0,0.0,0.0,0.0,0.0,0.0,0.0,0.0,0.0,0.0,0.0,0.0,0.0,0.0,0.0,0.0,0.0,0.0
B0616,11,242,District - West District,Urban,Non-workers seeking / available for work,Graduate and above other than technical degree,52.0,24.0,28.0,0.0,0.0,0.0,0.0,0.0,0.0,25.0,9.0,16.0,24.0,13.0,11.0,1.0,1.0,0.0,1.0,1.0,0.0,1.0,0.0,1.0
B0616,11,242,District - West District,Urban,Non-workers seeking / available for work,Technical degree or diploma equal to degree or post-graduate degree,6.0,6.0,0.0,0.0,0.0,0.0,0.0,0.0,0.0,5.0,5.0,0.0,1.0,1.0,0.0,0.0,0.0,0.0,0.0,0.0,0.0,0.0,0.0,0.0
B0616,11,243,District - South District,Total,Marginal workers seeking / available for work,Total,5518.0,2626.0,2892.0,190.0,137.0,53.0,752.0,458.0,294.0,1264.0,592.0,672.0,1100.0,491.0,609.0,695.0,310.0,385.0,1499.0,632.0,867.0,18.0,6.0,12.0
B0616,11,243,District - South District,Total,Marginal workers seeking / available for work,Illiterate,934.0,268.0,666.0,13.0,5.0,8.0,32.0,20.0,12.0,63.0,16.0,47.0,96.0,27.0,69.0,88.0,21.0,67.0,639.0,178.0,461.0,3.0,1.0,2.0
B0616,11,243,District - South District,Total,Marginal workers seeking / available for work,Literate,4584.0,2358.0,2226.0,177.0,132.0,45.0,720.0,438.0,282.0,1201.0,576.0,625.0,1004.0,464.0,540.0,607.0,289.0,318.0,860.0,454.0,406.0,15.0,5.0,10.0
B0616,11,243,District - South District,Total,Marginal workers seeking / available for work,Literate but below matric/secondary,3251.0,1606.0,1645.0,103.0,60.0,43.0,570.0,335.0,235.0,801.0,378.0,423.0,628.0,270.0,358.0,431.0,193.0,238.0,706.0,366.0,340.0,12.0,4.0,8.0
B0616,11,243,District - South District,Total,Marginal workers seeking / available for work,Matric/secondary but below graduate,728.0,350.0,378.0,0.0,0.0,0.0,91.0,46.0,45.0,267.0,119.0,148.0,190.0,89.0,101.0,95.0,46.0,49.0,83.0,50.0,33.0,2.0,0.0,2.0
B0616,11,243,District - South District,Total,Marginal workers seeking / available for work,Technical diploma or certificate not equal to degree,11.0,6.0,5.0,0.0,0.0,0.0,1.0,1.0,0.0,7.0,3.0,4.0,1.0,1.0,0.0,1.0,0.0,1.0,1.0,1.0,0.0,0.0,0.0,0.0
B0616,11,243,District - South District,Total,Marginal workers seeking / available for work,Graduate and above other than technical degree,245.0,145.0,100.0,0.0,0.0,0.0,0.0,0.0,0.0,56.0,32.0,24.0,128.0,73.0,55.0,46.0,30.0,16.0,15.0,10.0,5.0,0.0,0.0,0.0
B0616,11,243,District - South District,Total,Marginal workers seeking / available for work,Technical degree or diploma equal to degree or post-graduate degree,16.0,13.0,3.0,0.0,0.0,0.0,0.0,0.0,0.0,6.0,5.0,1.0,8.0,6.0,2.0,1.0,1.0,0.0,1.0,1.0,0.0,0.0,0.0,0.0
B0616,11,243,District - South District,Total,Non-workers seeking / available for work,Total,5881.0,2264.0,3617.0,358.0,176.0,182.0,1348.0,641.0,707.0,1895.0,752.0,1143.0,1112.0,378.0,734.0,510.0,140.0,370.0,640.0,170.0,470.0,18.0,7.0,11.0
B0616,11,243,District - South District,Total,Non-workers seeking / available for work,Illiterate,425.0,88.0,337.0,36.0,15.0,21.0,26.0,12.0,14.0,49.0,13.0,36.0,56.0,10.0,46.0,45.0,7.0,38.0,213.0,31.0,182.0,0.0,0.0,0.0
B0616,11,243,District - South District,Total,Non-workers seeking / available for work,Literate,5456.0,2176.0,3280.0,322.0,161.0,161.0,1322.0,629.0,693.0,1846.0,739.0,1107.0,1056.0,368.0,688.0,465.0,133.0,332.0,427.0,139.0,288.0,18.0,7.0,11.0
B0616,11,243,District - South District,Total,Non-workers seeking / available for work,Literate but below matric/secondary,2601.0,999.0,1602.0,318.0,159.0,159.0,818.0,396.0,422.0,650.0,212.0,438.0,366.0,100.0,266.0,186.0,48.0,138.0,253.0,80.0,173.0,10.0,4.0,6.0
B0616,11,243,District - South District,Total,Non-workers seeking / available for work,Matric/secondary but below graduate,1786.0,741.0,1045.0,0.0,0.0,0.0,479.0,216.0,263.0,772.0,343.0,429.0,276.0,97.0,179.0,153.0,44.0,109.0,102.0,39.0,63.0,4.0,2.0,2.0
B0616,11,243,District - South District,Total,Non-workers seeking / available for work,Technical diploma or certificate not equal to degree,27.0,15.0,12.0,0.0,0.0,0.0,5.0,4.0,1.0,17.0,10.0,7.0,3.0,1.0,2.0,1.0,0.0,1.0,1.0,0.0,1.0,0.0,0.0,0.0
B0616,11,243,District - South District,Total,Non-workers seeking / available for work,Graduate and above other than technical degree,778.0,306.0,472.0,0.0,0.0,0.0,0.0,0.0,0.0,313.0,130.0,183.0,335.0,134.0,201.0,87.0,30.0,57.0,39.0,11.0,28.0,4.0,1.0,3.0
B0616,11,243,District - South District,Total,Non-workers seeking / available for work,Technical degree or diploma equal to degree or post-graduate degree,84.0,49.0,35.0,0.0,0.0,0.0,0.0,0.0,0.0,46.0,27.0,19.0,29.0,19.0,10.0,6.0,2.0,4.0,3.0,1.0,2.0,0.0,0.0,0.0
B0616,11,243,District - South District,Rural,Marginal workers seeking / available for work,Total,5337.0,2509.0,2828.0,186.0,133.0,53.0,739.0,448.0,291.0,1219.0,564.0,655.0,1053.0,463.0,590.0,656.0,288.0,368.0,1466.0,607.0,859.0,18.0,6.0,12.0
B0616,11,243,District - South District,Rural,Marginal workers seeking / available for work,Illiterate,919.0,261.0,658.0,13.0,5.0,8.0,31.0,19.0,12.0,61.0,16.0,45.0,94.0,26.0,68.0,85.0,20.0,65.0,632.0,174.0,458.0,3.0,1.0,2.0
B0616,11,243,District - South District,Rural,Marginal workers seeking / available for work,Literate,4418.0,2248.0,2170.0,173.0,128.0,45.0,708.0,429.0,279.0,1158.0,548.0,610.0,959.0,437.0,522.0,571.0,268.0,303.0,834.0,433.0,401.0,15.0,5.0,10.0
B0616,11,243,District - South District,Rural,Marginal workers seeking / available for work,Literate but below matric/secondary,3188.0,1561.0,1627.0,99.0,56.0,43.0,561.0,327.0,234.0,785.0,367.0,418.0,616.0,263.0,353.0,420.0,187.0,233.0,695.0,357.0,338.0,12.0,4.0,8.0
B0616,11,243,District - South District,Rural,Marginal workers seeking / available for work,Matric/secondary but below graduate,679.0,322.0,357.0,0.0,0.0,0.0,88.0,45.0,43.0,253.0,112.0,141.0,180.0,83.0,97.0,83.0,41.0,42.0,73.0,41.0,32.0,2.0,0.0,2.0
B0616,11,243,District - South District,Rural,Marginal workers seeking / available for work,Technical diploma or certificate not equal to degree,8.0,3.0,5.0,0.0,0.0,0.0,1.0,1.0,0.0,6.0,2.0,4.0,0.0,0.0,0.0,1.0,0.0,1.0,0.0,0.0,0.0,0.0,0.0,0.0
B0616,11,243,District - South District,Rural,Marginal workers seeking / available for work,Graduate and above other than technical degree,206.0,121.0,85.0,0.0,0.0,0.0,0.0,0.0,0.0,48.0,27.0,21.0,110.0,63.0,47.0,35.0,22.0,13.0,13.0,9.0,4.0,0.0,0.0,0.0
B0616,11,243,District - South District,Rural,Marginal workers seeking / available for work,Technical degree or diploma equal to degree or post-graduate degree,10.0,7.0,3.0,0.0,0.0,0.0,0.0,0.0,0.0,2.0,1.0,1.0,7.0,5.0,2.0,0.0,0.0,0.0,1.0,1.0,0.0,0.0,0.0,0.0
B0616,11,243,District - South District,Rural,Non-workers seeking / available for work,Total,4224.0,1669.0,2555.0,320.0,157.0,163.0,1089.0,531.0,558.0,1322.0,518.0,804.0,704.0,249.0,455.0,322.0,87.0,235.0,451.0,120.0,331.0,16.0,7.0,9.0
B0616,11,243,District - South District,Rural,Non-workers seeking / available for work,Illiterate,332.0,77.0,255.0,32.0,13.0,19.0,17.0,11.0,6.0,34.0,10.0,24.0,35.0,8.0,27.0,34.0,7.0,27.0,180.0,28.0,152.0,0.0,0.0,0.0
B0616,11,243,District - South District,Rural,Non-workers seeking / available for work,Literate,3892.0,1592.0,2300.0,288.0,144.0,144.0,1072.0,520.0,552.0,1288.0,508.0,780.0,669.0,241.0,428.0,288.0,80.0,208.0,271.0,92.0,179.0,16.0,7.0,9.0
B0616,11,243,District - South District,Rural,Non-workers seeking / available for work,Literate but below matric/secondary,2085.0,839.0,1246.0,284.0,142.0,142.0,711.0,349.0,362.0,506.0,166.0,340.0,273.0,83.0,190.0,128.0,36.0,92.0,175.0,59.0,116.0,8.0,4.0,4.0
B0616,11,243,District - South District,Rural,Non-workers seeking / available for work,Matric/secondary but below graduate,1172.0,492.0,680.0,0.0,0.0,0.0,340.0,156.0,184.0,522.0,233.0,289.0,169.0,56.0,113.0,85.0,25.0,60.0,52.0,20.0,32.0,4.0,2.0,2.0
B0616,11,243,District - South District,Rural,Non-workers seeking / available for work,Technical diploma or certificate not equal to degree,14.0,8.0,6.0,0.0,0.0,0.0,3.0,3.0,0.0,8.0,5.0,3.0,1.0,0.0,1.0,1.0,0.0,1.0,1.0,0.0,1.0,0.0,0.0,0.0
B0616,11,243,District - South District,Rural,Non-workers seeking / available for work,Graduate and above other than technical degree,452.0,172.0,280.0,0.0,0.0,0.0,0.0,0.0,0.0,188.0,75.0,113.0,184.0,76.0,108.0,55.0,14.0,41.0,21.0,6.0,15.0,4.0,1.0,3.0
B0616,11,243,District - South District,Rural,Non-workers seeking / available for work,Technical degree or diploma equal to degree or post-graduate degree,43.0,24.0,19.0,0.0,0.0,0.0,0.0,0.0,0.0,26.0,12.0,14.0,13.0,11.0,2.0,1.0,0.0,1.0,3.0,1.0,2.0,0.0,0.0,0.0
B0616,11,243,District - South District,Urban,Marginal workers seeking / available for work,Total,181.0,117.0,64.0,4.0,4.0,0.0,13.0,10.0,3.0,45.0,28.0,17.0,47.0,28.0,19.0,39.0,22.0,17.0,33.0,25.0,8.0,0.0,0.0,0.0
B0616,11,243,District - South District,Urban,Marginal workers seeking / available for work,Illiterate,15.0,7.0,8.0,0.0,0.0,0.0,1.0,1.0,0.0,2.0,0.0,2.0,2.0,1.0,1.0,3.0,1.0,2.0,7.0,4.0,3.0,0.0,0.0,0.0
B0616,11,243,District - South District,Urban,Marginal workers seeking / available for work,Literate,166.0,110.0,56.0,4.0,4.0,0.0,12.0,9.0,3.0,43.0,28.0,15.0,45.0,27.0,18.0,36.0,21.0,15.0,26.0,21.0,5.0,0.0,0.0,0.0
B0616,11,243,District - South District,Urban,Marginal workers seeking / available for work,Literate but below matric/secondary,63.0,45.0,18.0,4.0,4.0,0.0,9.0,8.0,1.0,16.0,11.0,5.0,12.0,7.0,5.0,11.0,6.0,5.0,11.0,9.0,2.0,0.0,0.0,0.0
B0616,11,243,District - South District,Urban,Marginal workers seeking / available for work,Matric/secondary but below graduate,49.0,28.0,21.0,0.0,0.0,0.0,3.0,1.0,2.0,14.0,7.0,7.0,10.0,6.0,4.0,12.0,5.0,7.0,10.0,9.0,1.0,0.0,0.0,0.0
B0616,11,243,District - South District,Urban,Marginal workers seeking / available for work,Technical diploma or certificate not equal to degree,3.0,3.0,0.0,0.0,0.0,0.0,0.0,0.0,0.0,1.0,1.0,0.0,1.0,1.0,0.0,0.0,0.0,0.0,1.0,1.0,0.0,0.0,0.0,0.0
B0616,11,243,District - South District,Urban,Marginal workers seeking / available for work,Graduate and above other than technical degree,39.0,24.0,15.0,0.0,0.0,0.0,0.0,0.0,0.0,8.0,5.0,3.0,18.0,10.0,8.0,11.0,8.0,3.0,2.0,1.0,1.0,0.0,0.0,0.0
B0616,11,243,District - South District,Urban,Marginal workers seeking / available for work,Technical degree or diploma equal to degree or post-graduate degree,6.0,6.0,0.0,0.0,0.0,0.0,0.0,0.0,0.0,4.0,4.0,0.0,1.0,1.0,0.0,1.0,1.0,0.0,0.0,0.0,0.0,0.0,0.0,0.0
B0616,11,243,District - South District,Urban,Non-workers seeking / available for work,Total,1657.0,595.0,1062.0,38.0,19.0,19.0,259.0,110.0,149.0,573.0,234.0,339.0,408.0,129.0,279.0,188.0,53.0,135.0,189.0,50.0,139.0,2.0,0.0,2.0
B0616,11,243,District - South District,Urban,Non-workers seeking / available for work,Illiterate,93.0,11.0,82.0,4.0,2.0,2.0,9.0,1.0,8.0,15.0,3.0,12.0,21.0,2.0,19.0,11.0,0.0,11.0,33.0,3.0,30.0,0.0,0.0,0.0
B0616,11,243,District - South District,Urban,Non-workers seeking / available for work,Literate,1564.0,584.0,980.0,34.0,17.0,17.0,250.0,109.0,141.0,558.0,231.0,327.0,387.0,127.0,260.0,177.0,53.0,124.0,156.0,47.0,109.0,2.0,0.0,2.0
B0616,11,243,District - South District,Urban,Non-workers seeking / available for work,Literate but below matric/secondary,516.0,160.0,356.0,34.0,17.0,17.0,107.0,47.0,60.0,144.0,46.0,98.0,93.0,17.0,76.0,58.0,12.0,46.0,78.0,21.0,57.0,2.0,0.0,2.0
B0616,11,243,District - South District,Urban,Non-workers seeking / available for work,Matric/secondary but below graduate,614.0,249.0,365.0,0.0,0.0,0.0,139.0,60.0,79.0,250.0,110.0,140.0,107.0,41.0,66.0,68.0,19.0,49.0,50.0,19.0,31.0,0.0,0.0,0.0
B0616,11,243,District - South District,Urban,Non-workers seeking / available for work,Technical diploma or certificate not equal to degree,13.0,7.0,6.0,0.0,0.0,0.0,2.0,1.0,1.0,9.0,5.0,4.0,2.0,1.0,1.0,0.0,0.0,0.0,0.0,0.0,0.0,0.0,0.0,0.0
B0616,11,243,District - South District,Urban,Non-workers seeking / available for work,Graduate and above other than technical degree,326.0,134.0,192.0,0.0,0.0,0.0,0.0,0.0,0.0,125.0,55.0,70.0,151.0,58.0,93.0,32.0,16.0,16.0,18.0,5.0,13.0,0.0,0.0,0.0
B0616,11,243,District - South District,Urban,Non-workers seeking / available for work,Technical degree or diploma equal to degree or post-graduate degree,41.0,25.0,16.0,0.0,0.0,0.0,0.0,0.0,0.0,20.0,15.0,5.0,16.0,8.0,8.0,5.0,2.0,3.0,0.0,0.0,0.0,0.0,0.0,0.0
B0616,11,244,District - East District,Total,Marginal workers seeking / available for work,Total,6730.0,3418.0,3312.0,223.0,120.0,103.0,872.0,460.0,412.0,1748.0,891.0,857.0,1416.0,707.0,709.0,850.0,434.0,416.0,1615.0,802.0,813.0,6.0,4.0,2.0
B0616,11,244,District - East District,Total,Marginal workers seeking / available for work,Illiterate,1179.0,490.0,689.0,27.0,14.0,13.0,74.0,30.0,44.0,124.0,67.0,57.0,147.0,62.0,85.0,126.0,52.0,74.0,681.0,265.0,416.0,0.0,0.0,0.0
B0616,11,244,District - East District,Total,Marginal workers seeking / available for work,Literate,5551.0,2928.0,2623.0,196.0,106.0,90.0,798.0,430.0,368.0,1624.0,824.0,800.0,1269.0,645.0,624.0,724.0,382.0,342.0,934.0,537.0,397.0,6.0,4.0,2.0
B0616,11,244,District - East District,Total,Marginal workers seeking / available for work,Literate but below matric/secondary,3209.0,1744.0,1465.0,185.0,100.0,85.0,551.0,308.0,243.0,807.0,437.0,370.0,602.0,302.0,300.0,430.0,228.0,202.0,630.0,365.0,265.0,4.0,4.0,0.0
B0616,11,244,District - East District,Total,Marginal workers seeking / available for work,Matric/secondary but below graduate,1399.0,716.0,683.0,0.0,0.0,0.0,222.0,110.0,112.0,539.0,261.0,278.0,286.0,150.0,136.0,176.0,91.0,85.0,175.0,104.0,71.0,1.0,0.0,1.0
B0616,11,244,District - East District,Total,Marginal workers seeking / available for work,Technical diploma or certificate not equal to degree,20.0,16.0,4.0,0.0,0.0,0.0,3.0,2.0,1.0,8.0,7.0,1.0,4.0,2.0,2.0,2.0,2.0,0.0,3.0,3.0,0.0,0.0,0.0,0.0
B0616,11,244,District - East District,Total,Marginal workers seeking / available for work,Graduate and above other than technical degree,589.0,299.0,290.0,0.0,0.0,0.0,0.0,0.0,0.0,184.0,76.0,108.0,282.0,147.0,135.0,73.0,46.0,27.0,50.0,30.0,20.0,0.0,0.0,0.0
B0616,11,244,District - East District,Total,Marginal workers seeking / available for work,Technical degree or diploma equal to degree or post-graduate degree,38.0,22.0,16.0,0.0,0.0,0.0,0.0,0.0,0.0,16.0,11.0,5.0,19.0,11.0,8.0,3.0,0.0,3.0,0.0,0.0,0.0,0.0,0.0,0.0
B0616,11,244,District - East District,Total,Non-workers seeking / available for work,Total,14323.0,5561.0,8762.0,1032.0,515.0,517.0,2966.0,1438.0,1528.0,4557.0,1919.0,2638.0,3059.0,1034.0,2025.0,1213.0,315.0,898.0,1487.0,339.0,1148.0,9.0,1.0,8.0
B0616,11,244,District - East District,Total,Non-workers seeking / available for work,Illiterate,1001.0,213.0,788.0,156.0,67.0,89.0,84.0,34.0,50.0,125.0,26.0,99.0,138.0,17.0,121.0,100.0,17.0,83.0,398.0,52.0,346.0,0.0,0.0,0.0
B0616,11,244,District - East District,Total,Non-workers seeking / available for work,Literate,13322.0,5348.0,7974.0,876.0,448.0,428.0,2882.0,1404.0,1478.0,4432.0,1893.0,2539.0,2921.0,1017.0,1904.0,1113.0,298.0,815.0,1089.0,287.0,802.0,9.0,1.0,8.0
B0616,11,244,District - East District,Total,Non-workers seeking / available for work,Literate but below matric/secondary,5662.0,2147.0,3515.0,862.0,441.0,421.0,1582.0,753.0,829.0,1320.0,502.0,818.0,851.0,207.0,644.0,466.0,97.0,369.0,581.0,147.0,434.0,0.0,0.0,0.0
B0616,11,244,District - East District,Total,Non-workers seeking / available for work,Matric/secondary but below graduate,4638.0,1948.0,2690.0,0.0,0.0,0.0,1220.0,609.0,611.0,1937.0,853.0,1084.0,835.0,308.0,527.0,337.0,104.0,233.0,303.0,73.0,230.0,6.0,1.0,5.0
B0616,11,244,District - East District,Total,Non-workers seeking / available for work,Technical diploma or certificate not equal to degree,86.0,52.0,34.0,0.0,0.0,0.0,18.0,10.0,8.0,51.0,33.0,18.0,14.0,6.0,8.0,1.0,1.0,0.0,2.0,2.0,0.0,0.0,0.0,0.0
B0616,11,244,District - East District,Total,Non-workers seeking / available for work,Graduate and above other than technical degree,2225.0,892.0,1333.0,0.0,0.0,0.0,0.0,0.0,0.0,859.0,356.0,503.0,996.0,418.0,578.0,239.0,75.0,164.0,129.0,43.0,86.0,2.0,0.0,2.0
B0616,11,244,District - East District,Total,Non-workers seeking / available for work,Technical degree or diploma equal to degree or post-graduate degree,244.0,137.0,107.0,0.0,0.0,0.0,0.0,0.0,0.0,138.0,95.0,43.0,77.0,30.0,47.0,21.0,8.0,13.0,8.0,4.0,4.0,0.0,0.0,0.0
B0616,11,244,District - East District,Rural,Marginal workers seeking / available for work,Total,4966.0,2392.0,2574.0,148.0,81.0,67.0,682.0,364.0,318.0,1337.0,659.0,678.0,995.0,462.0,533.0,617.0,291.0,326.0,1186.0,535.0,651.0,1.0,0.0,1.0
B0616,11,244,District - East District,Rural,Marginal workers seeking / available for work,Illiterate,959.0,379.0,580.0,15.0,9.0,6.0,60.0,27.0,33.0,107.0,60.0,47.0,115.0,46.0,69.0,110.0,43.0,67.0,552.0,194.0,358.0,0.0,0.0,0.0
B0616,11,244,District - East District,Rural,Marginal workers seeking / available for work,Literate,4007.0,2013.0,1994.0,133.0,72.0,61.0,622.0,337.0,285.0,1230.0,599.0,631.0,880.0,416.0,464.0,507.0,248.0,259.0,634.0,341.0,293.0,1.0,0.0,1.0
B0616,11,244,District - East District,Rural,Marginal workers seeking / available for work,Literate but below matric/secondary,2446.0,1257.0,1189.0,126.0,67.0,59.0,450.0,253.0,197.0,658.0,340.0,318.0,444.0,200.0,244.0,323.0,152.0,171.0,445.0,245.0,200.0,0.0,0.0,0.0
B0616,11,244,District - East District,Rural,Marginal workers seeking / available for work,Matric/secondary but below graduate,974.0,477.0,497.0,0.0,0.0,0.0,152.0,74.0,78.0,414.0,192.0,222.0,200.0,100.0,100.0,102.0,53.0,49.0,105.0,58.0,47.0,1.0,0.0,1.0
B0616,11,244,District - East District,Rural,Marginal workers seeking / available for work,Technical diploma or certificate not equal to degree,7.0,7.0,0.0,0.0,0.0,0.0,2.0,2.0,0.0,3.0,3.0,0.0,1.0,1.0,0.0,1.0,1.0,0.0,0.0,0.0,0.0,0.0,0.0,0.0
B0616,11,244,District - East District,Rural,Marginal workers seeking / available for work,Graduate and above other than technical degree,348.0,179.0,169.0,0.0,0.0,0.0,0.0,0.0,0.0,101.0,41.0,60.0,176.0,92.0,84.0,48.0,31.0,17.0,23.0,15.0,8.0,0.0,0.0,0.0
B0616,11,244,District - East District,Rural,Marginal workers seeking / available for work,Technical degree or diploma equal to degree or post-graduate degree,12.0,6.0,6.0,0.0,0.0,0.0,0.0,0.0,0.0,6.0,4.0,2.0,5.0,2.0,3.0,1.0,0.0,1.0,0.0,0.0,0.0,0.0,0.0,0.0
B0616,11,244,District - East District,Rural,Non-workers seeking / available for work,Total,6506.0,2601.0,3905.0,537.0,279.0,258.0,1528.0,744.0,784.0,2153.0,876.0,1277.0,1222.0,408.0,814.0,449.0,140.0,309.0,615.0,154.0,461.0,2.0,0.0,2.0
B0616,11,244,District - East District,Rural,Non-workers seeking / available for work,Illiterate,501.0,120.0,381.0,68.0,27.0,41.0,42.0,20.0,22.0,60.0,13.0,47.0,60.0,11.0,49.0,44.0,10.0,34.0,227.0,39.0,188.0,0.0,0.0,0.0
B0616,11,244,District - East District,Rural,Non-workers seeking / available for work,Literate,6005.0,2481.0,3524.0,469.0,252.0,217.0,1486.0,724.0,762.0,2093.0,863.0,1230.0,1162.0,397.0,765.0,405.0,130.0,275.0,388.0,115.0,273.0,2.0,0.0,2.0
B0616,11,244,District - East District,Rural,Non-workers seeking / available for work,Literate but below matric/secondary,2760.0,1083.0,1677.0,457.0,246.0,211.0,851.0,393.0,458.0,650.0,238.0,412.0,368.0,87.0,281.0,189.0,46.0,143.0,245.0,73.0,172.0,0.0,0.0,0.0
B0616,11,244,District - East District,Rural,Non-workers seeking / available for work,Matric/secondary but below graduate,2099.0,911.0,1188.0,0.0,0.0,0.0,588.0,304.0,284.0,962.0,412.0,550.0,350.0,126.0,224.0,121.0,45.0,76.0,77.0,24.0,53.0,1.0,0.0,1.0
B0616,11,244,District - East District,Rural,Non-workers seeking / available for work,Technical diploma or certificate not equal to degree,36.0,19.0,17.0,0.0,0.0,0.0,10.0,5.0,5.0,24.0,13.0,11.0,2.0,1.0,1.0,0.0,0.0,0.0,0.0,0.0,0.0,0.0,0.0,0.0
B0616,11,244,District - East District,Rural,Non-workers seeking / available for work,Graduate and above other than technical degree,817.0,342.0,475.0,0.0,0.0,0.0,0.0,0.0,0.0,352.0,142.0,210.0,362.0,154.0,208.0,69.0,34.0,35.0,34.0,12.0,22.0,0.0,0.0,0.0
B0616,11,244,District - East District,Rural,Non-workers seeking / available for work,Technical degree or diploma equal to degree or post-graduate degree,78.0,39.0,39.0,0.0,0.0,0.0,0.0,0.0,0.0,47.0,31.0,16.0,23.0,7.0,16.0,6.0,1.0,5.0,2.0,0.0,2.0,0.0,0.0,0.0
B0616,11,244,District - East District,Urban,Marginal workers seeking / available for work,Total,1764.0,1026.0,738.0,75.0,39.0,36.0,190.0,96.0,94.0,411.0,232.0,179.0,421.0,245.0,176.0,233.0,143.0,90.0,429.0,267.0,162.0,5.0,4.0,1.0
B0616,11,244,District - East District,Urban,Marginal workers seeking / available for work,Illiterate,220.0,111.0,109.0,12.0,5.0,7.0,14.0,3.0,11.0,17.0,7.0,10.0,32.0,16.0,16.0,16.0,9.0,7.0,129.0,71.0,58.0,0.0,0.0,0.0
B0616,11,244,District - East District,Urban,Marginal workers seeking / available for work,Literate,1544.0,915.0,629.0,63.0,34.0,29.0,176.0,93.0,83.0,394.0,225.0,169.0,389.0,229.0,160.0,217.0,134.0,83.0,300.0,196.0,104.0,5.0,4.0,1.0
B0616,11,244,District - East District,Urban,Marginal workers seeking / available for work,Literate but below matric/secondary,763.0,487.0,276.0,59.0,33.0,26.0,101.0,55.0,46.0,149.0,97.0,52.0,158.0,102.0,56.0,107.0,76.0,31.0,185.0,120.0,65.0,4.0,4.0,0.0
B0616,11,244,District - East District,Urban,Marginal workers seeking / available for work,Matric/secondary but below graduate,425.0,239.0,186.0,0.0,0.0,0.0,70.0,36.0,34.0,125.0,69.0,56.0,86.0,50.0,36.0,74.0,38.0,36.0,70.0,46.0,24.0,0.0,0.0,0.0
B0616,11,244,District - East District,Urban,Marginal workers seeking / available for work,Technical diploma or certificate not equal to degree,13.0,9.0,4.0,0.0,0.0,0.0,1.0,0.0,1.0,5.0,4.0,1.0,3.0,1.0,2.0,1.0,1.0,0.0,3.0,3.0,0.0,0.0,0.0,0.0
B0616,11,244,District - East District,Urban,Marginal workers seeking / available for work,Graduate and above other than technical degree,241.0,120.0,121.0,0.0,0.0,0.0,0.0,0.0,0.0,83.0,35.0,48.0,106.0,55.0,51.0,25.0,15.0,10.0,27.0,15.0,12.0,0.0,0.0,0.0
B0616,11,244,District - East District,Urban,Marginal workers seeking / available for work,Technical degree or diploma equal to degree or post-graduate degree,26.0,16.0,10.0,0.0,0.0,0.0,0.0,0.0,0.0,10.0,7.0,3.0,14.0,9.0,5.0,2.0,0.0,2.0,0.0,0.0,0.0,0.0,0.0,0.0
B0616,11,244,District - East District,Urban,Non-workers seeking / available for work,Total,7817.0,2960.0,4857.0,495.0,236.0,259.0,1438.0,694.0,744.0,2404.0,1043.0,1361.0,1837.0,626.0,1211.0,764.0,175.0,589.0,872.0,185.0,687.0,7.0,1.0,6.0
B0616,11,244,District - East District,Urban,Non-workers seeking / available for work,Illiterate,500.0,93.0,407.0,88.0,40.0,48.0,42.0,14.0,28.0,65.0,13.0,52.0,78.0,6.0,72.0,56.0,7.0,49.0,171.0,13.0,158.0,0.0,0.0,0.0
B0616,11,244,District - East District,Urban,Non-workers seeking / available for work,Literate,7317.0,2867.0,4450.0,407.0,196.0,211.0,1396.0,680.0,716.0,2339.0,1030.0,1309.0,1759.0,620.0,1139.0,708.0,168.0,540.0,701.0,172.0,529.0,7.0,1.0,6.0
B0616,11,244,District - East District,Urban,Non-workers seeking / available for work,Literate but below matric/secondary,2902.0,1064.0,1838.0,405.0,195.0,210.0,731.0,360.0,371.0,670.0,264.0,406.0,483.0,120.0,363.0,277.0,51.0,226.0,336.0,74.0,262.0,0.0,0.0,0.0
B0616,11,244,District - East District,Urban,Non-workers seeking / available for work,Matric/secondary but below graduate,2539.0,1037.0,1502.0,0.0,0.0,0.0,632.0,305.0,327.0,975.0,441.0,534.0,485.0,182.0,303.0,216.0,59.0,157.0,226.0,49.0,177.0,5.0,1.0,4.0
B0616,11,244,District - East District,Urban,Non-workers seeking / available for work,Technical diploma or certificate not equal to degree,50.0,33.0,17.0,0.0,0.0,0.0,8.0,5.0,3.0,27.0,20.0,7.0,12.0,5.0,7.0,1.0,1.0,0.0,2.0,2.0,0.0,0.0,0.0,0.0
B0616,11,244,District - East District,Urban,Non-workers seeking / available for work,Graduate and above other than technical degree,1408.0,550.0,858.0,0.0,0.0,0.0,0.0,0.0,0.0,507.0,214.0,293.0,634.0,264.0,370.0,170.0,41.0,129.0,95.0,31.0,64.0,2.0,0.0,2.0
B0616,11,244,District - East District,Urban,Non-workers seeking / available for work,Technical degree or diploma equal to degree or post-graduate degree,166.0,98.0,68.0,0.0,0.0,0.0,0.0,0.0,0.0,91.0,64.0,27.0,54.0,23.0,31.0,15.0,7.0,8.0,6.0,4.0,2.0,0.0,0.0,0.0
,,,,,,,,,,,,,,,,,,,,,,,,,,,,,,
Note: 1. Total under 'Non-workers' under columns 2 to 4  includes age-group '0-4'.,,,,,,,,,,,,,,,,,,,,,,,,,,,,,,
         2. Literate includes figures for 'literates without educational level' and 'educational levels not classifiable'.,,,,,,,,,,,,,,,,,,,,,,,,,,,,,,
         3. 'Matric/ secondary but below graduate' includes 'non-technical diploma and certificate not equal to degree'.,,,,,,,,,,,,,,,,,,,,,,,,,,,,,,
